"Intercept","Int_SE","tvalue","pvalue","Slope","Slope_SE","tvalue","pvalue","Fstat","R2","DF1","DF2"
0.0667136055049626,0.0113165362416908,5.89523190489908,0.000230429664045035,0.579636463683904,0.019128437506909,30.3023424403873,2.27119692229115e-10,918.231957374499,0.990293690884551,1,9
0.0672243950621082,0.0107733842355027,6.23985867324551,0.000151458444516306,0.579697246464411,0.0182103430489205,31.8334061531463,1.46289275248639e-10,1013.36574731117,0.991196888174638,1,9
0.0451054024253355,0.00397770518659429,11.3395539159992,1.24524867939096e-06,0.338513926647204,0.0067235489250117,50.3475070119483,2.41419375163712e-12,2534.87146231818,0.996462085394913,1,9
